Source,Destination,Distance_km,Time_hr,District,Latitude,Longitude
Ariyalur,Chengalpattu,390.9,7.41,,,
Ariyalur,Chennai,171.5,3.42,,,
Ariyalur,Coimbatore,369.7,7.05,,,
Ariyalur,Cuddalore,131.1,2.59,,,
Ariyalur,Dharmapuri,114.9,2.3,,,
Ariyalur,Dindigul,312.2,5.98,,,
Ariyalur,Erode,131.7,2.72,,,
Ariyalur,Kallakurichi,305.1,5.76,,,
Ariyalur,Kancheepuram,225.3,4.31,,,
Ariyalur,Karur,287.5,5.44,,,
Ariyalur,Krishnagiri,113.4,2.39,,,
Ariyalur,Madurai,138.2,2.84,,,
Ariyalur,Mayiladuthurai,338.0,6.48,,,
Ariyalur,Nagapattinam,183.5,3.61,,,
Ariyalur,Namakkal,412.6,7.77,,,
Ariyalur,Nilgiris,310.9,5.86,,,
Ariyalur,Perambalur,251.6,4.75,,,
Ariyalur,Pudukkottai,284.8,5.39,,,
Ariyalur,Ramanathapuram,297.5,5.62,,,
Ariyalur,Ranipet,245.6,4.68,,,
Ariyalur,Salem,133.3,2.72,,,
Ariyalur,Sivagangai,181.2,3.53,,,
Ariyalur,Tenkasi,220.9,4.23,,,
Ariyalur,Thanjavur,189.0,3.71,,,
Ariyalur,Theni,98.0,2.05,,,
Ariyalur,Thoothukudi,363.0,6.87,,,
Ariyalur,Tiruchirappalli,377.0,7.0,,,
Ariyalur,Tirunelveli,95.4,1.88,,,
Ariyalur,Tirupattur,387.9,7.2,,,
Ariyalur,Tiruppur,247.6,4.65,,,
Ariyalur,Tiruvallur,201.3,3.81,,,
Ariyalur,Tiruvannamalai,50.6,1.07,,,
Ariyalur,Tiruvarur,128.3,2.48,,,
Ariyalur,Vellore,362.6,6.86,,,
Ariyalur,Viluppuram,321.7,6.06,,,
Ariyalur,Virudhunagar,74.1,1.56,,,
Ariyalur,Kanyakumari,61.6,1.33,,,
Chengalpattu,Ariyalur,390.9,7.38,,,
Chengalpattu,Chennai,249.0,4.74,,,
Chengalpattu,Coimbatore,201.3,3.96,,,
Chengalpattu,Cuddalore,299.9,5.66,,,
Chengalpattu,Dharmapuri,437.1,8.13,,,
Chengalpattu,Dindigul,212.5,4.13,,,
Chengalpattu,Erode,396.3,7.39,,,
Chengalpattu,Kallakurichi,134.5,2.66,,,
Chengalpattu,Kancheepuram,315.3,5.94,,,
Chengalpattu,Karur,159.6,3.11,,,
Chengalpattu,Krishnagiri,370.5,6.95,,,
Chengalpattu,Madurai,254.3,4.83,,,
Chengalpattu,Mayiladuthurai,54.9,1.21,,,
Chengalpattu,Nagapattinam,356.2,6.66,,,
Chengalpattu,Namakkal,37.4,0.86,,,
Chengalpattu,Nilgiris,95.6,1.95,,,
Chengalpattu,Perambalur,183.6,3.64,,,
Chengalpattu,Pudukkottai,108.6,2.12,,,
Chengalpattu,Ramanathapuram,285.2,5.43,,,
Chengalpattu,Ranipet,148.6,2.94,,,
Chengalpattu,Salem,319.7,6.08,,,
Chengalpattu,Sivagangai,224.8,4.24,,,
Chengalpattu,Tenkasi,184.1,3.62,,,
Chengalpattu,Thanjavur,202.2,3.92,,,
Chengalpattu,Theni,357.5,6.74,,,
Chengalpattu,Thoothukudi,129.7,2.6,,,
Chengalpattu,Tiruchirappalli,71.5,1.48,,,
Chengalpattu,Tirunelveli,299.3,5.62,,,
Chengalpattu,Tirupattur,262.9,4.96,,,
Chengalpattu,Tiruppur,233.7,4.43,,,
Chengalpattu,Tiruvallur,269.3,5.08,,,
Chengalpattu,Tiruvannamalai,366.9,6.85,,,
Chengalpattu,Tiruvarur,279.6,5.26,,,
Chengalpattu,Vellore,74.4,1.56,,,
Chengalpattu,Viluppuram,254.6,4.87,,,
Chengalpattu,Virudhunagar,321.5,6.09,,,
Chengalpattu,Kanyakumari,413.6,7.73,,,
Chennai,Ariyalur,171.5,3.39,,,
Chennai,Chengalpattu,249.0,4.74,,,
Chennai,Coimbatore,310.9,5.95,,,
Chennai,Cuddalore,51.7,1.15,,,
Chennai,Dharmapuri,263.1,4.96,,,
Chennai,Dindigul,268.0,5.14,,,
Chennai,Erode,247.9,4.69,,,
Chennai,Kallakurichi,138.4,2.73,,,
Chennai,Kancheepuram,258.4,4.91,,,
Chennai,Karur,212.2,4.07,,,
Chennai,Krishnagiri,121.6,2.42,,,
Chennai,Madurai,61.6,1.33,,,
Chennai,Mayiladuthurai,194.2,3.74,,,
Chennai,Nagapattinam,254.9,4.81,,,
Chennai,Namakkal,261.4,4.93,,,
Chennai,Nilgiris,196.5,3.78,,,
Chennai,Perambalur,187.7,3.71,,,
Chennai,Pudukkottai,141.9,2.73,,,
Chennai,Ramanathapuram,296.2,5.63,,,
Chennai,Ranipet,135.3,2.7,,,
Chennai,Salem,188.6,3.7,,,
Chennai,Sivagangai,131.9,2.55,,,
Chennai,Tenkasi,65.0,1.45,,,
Chennai,Thanjavur,89.8,1.87,,,
Chennai,Theni,196.7,3.82,,,
Chennai,Thoothukudi,272.2,5.19,,,
Chennai,Tiruchirappalli,260.6,4.92,,,
Chennai,Tirunelveli,80.9,1.65,,,
Chennai,Tirupattur,353.8,6.61,,,
Chennai,Tiruppur,221.9,4.21,,,
Chennai,Tiruvallur,204.9,3.91,,,
Chennai,Tiruvannamalai,131.4,2.57,,,
Chennai,Tiruvarur,134.9,2.63,,,
Chennai,Vellore,202.9,3.9,,,
Chennai,Viluppuram,298.7,5.67,,,
Chennai,Virudhunagar,129.8,2.6,,,
Chennai,Kanyakumari,218.7,4.19,,,
Coimbatore,Ariyalur,369.7,6.93,,,
Coimbatore,Chengalpattu,201.3,3.93,,,
Coimbatore,Chennai,310.9,5.92,,,
Coimbatore,Cuddalore,345.5,6.46,,,
Coimbatore,Dharmapuri,358.9,6.83,,,
Coimbatore,Dindigul,59.1,1.25,,,
Coimbatore,Erode,307.1,5.91,,,
Coimbatore,Kallakurichi,279.6,5.38,,,
Coimbatore,Kancheepuram,185.3,3.67,,,
Coimbatore,Karur,98.7,2.09,,,
Coimbatore,Krishnagiri,408.3,7.75,,,
Coimbatore,Madurai,273.2,5.21,,,
Coimbatore,Mayiladuthurai,202.2,3.92,,,
Coimbatore,Nagapattinam,243.1,4.69,,,
Coimbatore,Namakkal,238.1,4.6,,,
Coimbatore,Nilgiris,141.6,2.81,,,
Coimbatore,Perambalur,126.5,2.6,,,
Coimbatore,Pudukkottai,210.4,4.04,,,
Coimbatore,Ramanathapuram,117.2,2.31,,,
Coimbatore,Ranipet,179.2,3.44,,,
Coimbatore,Salem,246.9,4.7,,,
Coimbatore,Sivagangai,197.4,3.74,,,
Coimbatore,Tenkasi,262.1,5.1,,,
Coimbatore,Thanjavur,222.6,4.38,,,
Coimbatore,Theni,292.0,5.64,,,
Coimbatore,Thoothukudi,71.6,1.63,,,
Coimbatore,Tiruchirappalli,130.2,2.61,,,
Coimbatore,Tirunelveli,309.0,5.86,,,
Coimbatore,Tirupattur,61.6,1.36,,,
Coimbatore,Tiruppur,123.9,2.49,,,
Coimbatore,Tiruvallur,174.1,3.41,,,
Coimbatore,Tiruvannamalai,372.1,7.01,,,
Coimbatore,Tiruvarur,242.4,4.65,,,
Coimbatore,Vellore,256.6,4.82,,,
Coimbatore,Viluppuram,76.4,1.66,,,
Coimbatore,Virudhunagar,297.6,5.68,,,
Coimbatore,Kanyakumari,360.8,6.86,,,
Cuddalore,Ariyalur,131.1,2.62,,,
Cuddalore,Chengalpattu,299.9,5.66,,,
Cuddalore,Chennai,51.7,1.15,,,
Cuddalore,Coimbatore,345.5,6.52,,,
Cuddalore,Dharmapuri,234.5,4.41,,,
Cuddalore,Dindigul,297.6,5.59,,,
Cuddalore,Erode,229.1,4.38,,,
Cuddalore,Kallakurichi,189.2,3.59,,,
Cuddalore,Kancheepuram,265.3,4.97,,,
Cuddalore,Karur,248.2,4.66,,,
Cuddalore,Krishnagiri,70.9,1.53,,,
Cuddalore,Madurai,73.9,1.64,,,
Cuddalore,Mayiladuthurai,245.0,4.75,,,
Cuddalore,Nagapattinam,250.1,4.85,,,
Cuddalore,Namakkal,313.0,5.99,,,
Cuddalore,Nilgiris,241.9,4.61,,,
Cuddalore,Perambalur,219.3,4.29,,,
Cuddalore,Pudukkottai,192.0,3.76,,,
Cuddalore,Ramanathapuram,314.8,5.87,,,
Cuddalore,Ranipet,177.4,3.38,,,
Cuddalore,Salem,183.1,3.63,,,
Cuddalore,Sivagangai,153.5,2.94,,,
Cuddalore,Tenkasi,115.8,2.41,,,
Cuddalore,Thanjavur,123.8,2.58,,,
Cuddalore,Theni,179.0,3.58,,,
Cuddalore,Thoothukudi,313.8,6.04,,,
Cuddalore,Tiruchirappalli,307.6,5.83,,,
Cuddalore,Tirunelveli,59.6,1.32,,,
Cuddalore,Tirupattur,382.9,7.2,,,
Cuddalore,Tiruppur,244.2,4.68,,,
Cuddalore,Tiruvallur,217.2,4.19,,,
Cuddalore,Tiruvannamalai,85.2,1.79,,,
Cuddalore,Tiruvarur,136.3,2.72,,,
Cuddalore,Vellore,254.6,4.78,,,
Cuddalore,Viluppuram,323.5,6.18,,,
Cuddalore,Virudhunagar,110.1,2.3,,,
Cuddalore,Kanyakumari,185.4,3.52,,,
Dharmapuri,Ariyalur,114.9,2.42,,,
Dharmapuri,Chengalpattu,437.1,8.1,,,
Dharmapuri,Chennai,263.1,4.93,,,
Dharmapuri,Coimbatore,358.9,6.68,,,
Dharmapuri,Cuddalore,234.5,4.5,,,
Dharmapuri,Dindigul,300.1,5.7,,,
Dharmapuri,Erode,52.8,1.26,,,
Dharmapuri,Kallakurichi,380.7,7.19,,,
Dharmapuri,Kancheepuram,179.9,3.54,,,
Dharmapuri,Karur,300.7,5.74,,,
Dharmapuri,Krishnagiri,228.2,4.3,,,
Dharmapuri,Madurai,211.5,4.18,,,
Dharmapuri,Mayiladuthurai,389.9,7.42,,,
Dharmapuri,Nagapattinam,122.1,2.49,,,
Dharmapuri,Namakkal,465.5,8.73,,,
Dharmapuri,Nilgiris,345.3,6.43,,,
Dharmapuri,Perambalur,265.8,4.98,,,
Dharmapuri,Pudukkottai,341.8,6.54,,,
Dharmapuri,Ramanathapuram,259.1,4.86,,,
Dharmapuri,Ranipet,289.3,5.41,,,
Dharmapuri,Salem,119.8,2.36,,,
Dharmapuri,Sivagangai,212.2,4.16,,,
Dharmapuri,Tenkasi,295.6,5.7,,,
Dharmapuri,Thanjavur,243.9,4.64,,,
Dharmapuri,Theni,79.6,1.66,,,
Dharmapuri,Thoothukudi,374.6,7.02,,,
Dharmapuri,Tiruchirappalli,404.9,7.63,,,
Dharmapuri,Tirunelveli,182.5,3.59,,,
Dharmapuri,Tirupattur,358.4,6.79,,,
Dharmapuri,Tiruppur,237.9,4.6,,,
Dharmapuri,Tiruvallur,187.4,3.68,,,
Dharmapuri,Tiruvannamalai,164.2,3.26,,,
Dharmapuri,Tiruvarur,158.9,3.16,,,
Dharmapuri,Vellore,426.6,7.97,,,
Dharmapuri,Viluppuram,293.8,5.55,,,
Dharmapuri,Virudhunagar,134.2,2.65,,,
Dharmapuri,Kanyakumari,53.3,1.24,,,
Dindigul,Ariyalur,312.2,5.98,,,
Dindigul,Chengalpattu,212.5,4.1,,,
Dindigul,Chennai,268.0,5.11,,,
Dindigul,Coimbatore,59.1,1.34,,,
Dindigul,Cuddalore,297.6,5.74,,,
Dindigul,Dharmapuri,300.1,5.67,,,
Dindigul,Erode,248.6,4.67,,,
Dindigul,Kallakurichi,261.4,4.9,,,
Dindigul,Kancheepuram,129.7,2.51,,,
Dindigul,Karur,66.9,1.37,,,
Dindigul,Krishnagiri,357.2,6.64,,,
Dindigul,Madurai,224.0,4.22,,,
Dindigul,Mayiladuthurai,197.7,3.74,,,
Dindigul,Nagapattinam,186.1,3.71,,,
Dindigul,Namakkal,249.9,4.87,,,
Dindigul,Nilgiris,130.6,2.52,,,
Dindigul,Perambalur,80.4,1.67,,,
Dindigul,Pudukkottai,190.2,3.7,,,
Dindigul,Ramanathapuram,74.2,1.53,,,
Dindigul,Ranipet,145.7,2.83,,,
Dindigul,Salem,187.8,3.56,,,
Dindigul,Sivagangai,145.4,2.79,,,
Dindigul,Tenkasi,227.1,4.43,,,
Dindigul,Thanjavur,178.3,3.54,,,
Dindigul,Theni,232.9,4.53,,,
Dindigul,Thoothukudi,93.9,2.01,,,
Dindigul,Tiruchirappalli,148.0,3.02,,,
Dindigul,Tirunelveli,256.5,4.99,,,
Dindigul,Tirupattur,85.8,1.89,,,
Dindigul,Tiruppur,65.1,1.51,,,
Dindigul,Tiruvallur,115.0,2.42,,,
Dindigul,Tiruvannamalai,317.2,6.1,,,
Dindigul,Tiruvarur,186.0,3.71,,,
Dindigul,Vellore,253.4,4.94,,,
Dindigul,Viluppuram,43.0,0.93,,,
Dindigul,Virudhunagar,241.1,4.53,,,
Dindigul,Kanyakumari,301.7,5.64,,,
Erode,Ariyalur,131.7,2.63,,,
Erode,Chengalpattu,396.3,7.45,,,
Erode,Chennai,247.9,4.75,,,
Erode,Coimbatore,307.1,5.79,,,
Erode,Cuddalore,229.1,4.41,,,
Erode,Dharmapuri,52.8,1.17,,,
Erode,Dindigul,248.6,4.7,,,
Erode,Kallakurichi,352.6,6.74,,,
Erode,Kancheepuram,127.1,2.64,,,
Erode,Karur,253.4,4.94,,,
Erode,Krishnagiri,238.9,4.67,,,
Erode,Madurai,190.2,3.76,,,
Erode,Mayiladuthurai,351.9,6.7,,,
Erode,Nagapattinam,69.6,1.54,,,
Erode,Namakkal,426.6,8.03,,,
Erode,Nilgiris,302.6,5.71,,,
Erode,Perambalur,219.6,4.14,,,
Erode,Pudukkottai,306.8,5.85,,,
Erode,Ramanathapuram,206.3,3.9,,,
Erode,Ranipet,251.1,4.72,,,
Erode,Salem,76.8,1.67,,,
Erode,Sivagangai,173.6,3.43,,,
Erode,Tenkasi,269.7,5.14,,,
Erode,Thanjavur,212.1,4.1,,,
Erode,Theni,51.2,1.17,,,
Erode,Thoothukudi,325.9,6.17,,,
Erode,Tiruchirappalli,359.4,6.86,,,
Erode,Tirunelveli,171.4,3.45,,,
Erode,Tirupattur,305.6,5.89,,,
Erode,Tiruppur,187.5,3.74,,,
Erode,Tiruvallur,137.8,2.84,,,
Erode,Tiruvannamalai,174.0,3.49,,,
Erode,Tiruvarur,126.0,2.62,,,
Erode,Vellore,392.6,7.44,,,
Erode,Viluppuram,241.2,4.6,,,
Erode,Virudhunagar,119.8,2.39,,,
Erode,Kanyakumari,80.0,1.78,,,
Kallakurichi,Ariyalur,305.1,5.76,,,
Kallakurichi,Chengalpattu,134.5,2.78,,,
Kallakurichi,Chennai,138.4,2.85,,,
Kallakurichi,Coimbatore,279.6,5.35,,,
Kallakurichi,Cuddalore,189.2,3.62,,,
Kallakurichi,Dharmapuri,380.7,7.13,,,
Kallakurichi,Dindigul,261.4,4.96,,,
Kallakurichi,Erode,352.6,6.74,,,
Kallakurichi,Kancheepuram,314.8,5.99,,,
Kallakurichi,Karur,194.5,3.81,,,
Kallakurichi,Krishnagiri,255.6,4.98,,,
Kallakurichi,Madurai,171.0,3.41,,,
Kallakurichi,Mayiladuthurai,89.9,1.93,,,
Kallakurichi,Nagapattinam,335.5,6.31,,,
Kallakurichi,Namakkal,133.8,2.64,,,
Kallakurichi,Nilgiris,138.1,2.75,,,
Kallakurichi,Perambalur,193.6,3.76,,,
Kallakurichi,Pudukkottai,71.2,1.47,,,
Kallakurichi,Ramanathapuram,318.5,6.0,,,
Kallakurichi,Ranipet,124.4,2.47,,,
Kallakurichi,Salem,279.5,5.38,,,
Kallakurichi,Sivagangai,187.4,3.74,,,
Kallakurichi,Tenkasi,85.6,1.71,,,
Kallakurichi,Thanjavur,141.3,2.81,,,
Kallakurichi,Theni,304.6,5.78,,,
Kallakurichi,Thoothukudi,217.0,4.19,,,
Kallakurichi,Tiruchirappalli,177.8,3.5,,,
Kallakurichi,Tirunelveli,210.0,4.09,,,
Kallakurichi,Tirupattur,337.1,6.4,,,
Kallakurichi,Tiruppur,246.8,4.76,,,
Kallakurichi,Tiruvallur,258.7,4.97,,,
Kallakurichi,Tiruvannamalai,269.1,5.16,,,
Kallakurichi,Tiruvarur,226.7,4.39,,,
Kallakurichi,Vellore,69.6,1.6,,,
Kallakurichi,Viluppuram,302.7,5.74,,,
Kallakurichi,Virudhunagar,248.7,4.76,,,
Kallakurichi,Kanyakumari,344.0,6.52,,,
Kancheepuram,Ariyalur,225.3,4.31,,,
Kancheepuram,Chengalpattu,315.3,6.06,,,
Kancheepuram,Chennai,258.4,5.03,,,
Kancheepuram,Coimbatore,185.3,3.64,,,
Kancheepuram,Cuddalore,265.3,5.0,,,
Kancheepuram,Dharmapuri,179.9,3.48,,,
Kancheepuram,Dindigul,129.7,2.57,,,
Kancheepuram,Erode,127.1,2.64,,,
Kancheepuram,Kallakurichi,314.8,5.99,,,
Kancheepuram,Karur,156.8,3.12,,,
Kancheepuram,Krishnagiri,304.9,5.87,,,
Kancheepuram,Madurai,198.3,3.91,,,
Kancheepuram,Mayiladuthurai,282.7,5.44,,,
Kancheepuram,Nagapattinam,58.9,1.28,,,
Kancheepuram,Namakkal,350.4,6.58,,,
Kancheepuram,Nilgiris,220.4,4.25,,,
Kancheepuram,Perambalur,132.9,2.66,,,
Kancheepuram,Pudukkottai,251.7,4.76,,,
Kancheepuram,Ramanathapuram,79.2,1.65,,,
Kancheepuram,Ranipet,192.4,3.71,,,
Kancheepuram,Salem,93.0,1.99,,,
Kancheepuram,Sivagangai,133.1,2.75,,,
Kancheepuram,Tenkasi,248.1,4.66,,,
Kancheepuram,Thanjavur,183.5,3.58,,,
Kancheepuram,Theni,129.6,2.6,,,
Kancheepuram,Thoothukudi,218.0,4.2,,,
Kancheepuram,Tiruchirappalli,263.1,5.05,,,
Kancheepuram,Tirunelveli,208.7,4.06,,,
Kancheepuram,Tirupattur,178.5,3.52,,,
Kancheepuram,Tiruppur,82.0,1.76,,,
Kancheepuram,Tiruvallur,56.8,1.3,,,
Kancheepuram,Tiruvannamalai,248.7,4.79,,,
Kancheepuram,Tiruvarur,129.0,2.62,,,
Kancheepuram,Vellore,333.5,6.39,,,
Kancheepuram,Viluppuram,115.0,2.33,,,
Kancheepuram,Virudhunagar,170.2,3.33,,,
Kancheepuram,Kanyakumari,195.2,3.82,,,
Karur,Ariyalur,287.5,5.44,,,
Karur,Chengalpattu,159.6,3.23,,,
Karur,Chennai,212.2,4.19,,,
Karur,Coimbatore,98.7,2.06,,,
Karur,Cuddalore,248.2,4.69,,,
Karur,Dharmapuri,300.7,5.68,,,
Karur,Dindigul,66.9,1.43,,,
Karur,Erode,253.4,4.94,,,
Karur,Kallakurichi,194.5,3.81,,,
Karur,Kancheepuram,156.8,3.12,,,
Karur,Krishnagiri,313.2,6.02,,,
Karur,Madurai,177.4,3.53,,,
Karur,Mayiladuthurai,135.1,2.76,,,
Karur,Nagapattinam,202.9,3.9,,,
Karur,Namakkal,195.8,3.77,,,
Karur,Nilgiris,68.1,1.48,,,
Karur,Perambalur,36.3,0.9,,,
Karur,Pudukkottai,123.3,2.42,,,
Karur,Ramanathapuram,130.1,2.58,,,
Karur,Ranipet,81.7,1.7,,,
Karur,Salem,181.2,3.59,,,
Karur,Sivagangai,107.2,2.28,,,
Karur,Tenkasi,164.5,3.14,,,
Karur,Thanjavur,124.7,2.51,,,
Karur,Theni,224.9,4.33,,,
Karur,Thoothukudi,75.9,1.62,,,
Karur,Tiruchirappalli,107.7,2.23,,,
Karur,Tirunelveli,216.3,4.2,,,
Karur,Tirupattur,147.2,2.95,,,
Karur,Tiruppur,74.8,1.63,,,
Karur,Tiruvallur,117.1,2.4,,,
Karur,Tiruvannamalai,282.5,5.41,,,
Karur,Tiruvarur,159.7,3.17,,,
Karur,Vellore,190.1,3.79,,,
Karur,Viluppuram,108.6,2.21,,,
Karur,Virudhunagar,213.5,4.12,,,
Karur,Kanyakumari,290.4,5.55,,,
Krishnagiri,Ariyalur,113.4,2.21,,,
Krishnagiri,Chengalpattu,370.5,6.95,,,
Krishnagiri,Chennai,121.6,2.42,,,
Krishnagiri,Coimbatore,408.3,7.75,,,
Krishnagiri,Cuddalore,70.9,1.47,,,
Krishnagiri,Dharmapuri,228.2,4.3,,,
Krishnagiri,Dindigul,357.2,6.76,,,
Krishnagiri,Erode,238.9,4.52,,,
Krishnagiri,Kallakurichi,255.6,4.86,,,
Krishnagiri,Kancheepuram,304.9,5.75,,,
Krishnagiri,Karur,313.2,5.9,,,
Krishnagiri,Madurai,135.7,2.8,,,
Krishnagiri,Mayiladuthurai,315.7,6.07,,,
Krishnagiri,Nagapattinam,277.2,5.25,,,
Krishnagiri,Namakkal,382.7,7.17,,,
Krishnagiri,Nilgiris,311.8,6.0,,,
Krishnagiri,Perambalur,281.9,5.34,,,
Krishnagiri,Pudukkottai,262.9,4.93,,,
Krishnagiri,Ramanathapuram,364.5,6.9,,,
Krishnagiri,Ranipet,246.4,4.75,,,
Krishnagiri,Salem,214.3,4.2,,,
Krishnagiri,Sivagangai,211.8,4.03,,,
Krishnagiri,Tenkasi,186.4,3.66,,,
Krishnagiri,Thanjavur,190.5,3.79,,,
Krishnagiri,Theni,195.1,3.88,,,
Krishnagiri,Thoothukudi,381.6,7.27,,,
Krishnagiri,Tiruchirappalli,377.9,7.08,,,
Krishnagiri,Tirunelveli,101.4,2.05,,,
Krishnagiri,Tirupattur,441.1,8.23,,,
Krishnagiri,Tiruppur,299.1,5.65,,,
Krishnagiri,Tiruvallur,264.3,5.02,,,
Krishnagiri,Tiruvannamalai,65.1,1.39,,,
Krishnagiri,Tiruvarur,180.0,3.48,,,
Krishnagiri,Vellore,322.9,6.08,,,
Krishnagiri,Viluppuram,378.7,7.16,,,
Krishnagiri,Virudhunagar,135.2,2.73,,,
Krishnagiri,Kanyakumari,175.0,3.39,,,
Madurai,Ariyalur,138.2,2.84,,,
Madurai,Chengalpattu,254.3,4.77,,,
Madurai,Chennai,61.6,1.27,,,
Madurai,Coimbatore,273.2,5.3,,,
Madurai,Cuddalore,73.9,1.67,,,
Madurai,Dharmapuri,211.5,4.15,,,
Madurai,Dindigul,224.0,4.4,,,
Madurai,Erode,190.2,3.61,,,
Madurai,Kallakurichi,171.0,3.32,,,
Madurai,Kancheepuram,198.3,3.82,,,
Madurai,Karur,177.4,3.44,,,
Madurai,Krishnagiri,135.7,2.68,,,
Madurai,Mayiladuthurai,200.6,3.95,,,
Madurai,Nagapattinam,193.4,3.85,,,
Madurai,Namakkal,274.6,5.32,,,
Madurai,Nilgiris,181.6,3.45,,,
Madurai,Perambalur,146.7,2.94,,,
Madurai,Pudukkottai,147.0,2.85,,,
Madurai,Ramanathapuram,242.1,4.55,,,
Madurai,Ranipet,114.8,2.24,,,
Madurai,Salem,127.3,2.52,,,
Madurai,Sivagangai,79.6,1.66,,,
Madurai,Tenkasi,85.4,1.7,,,
Madurai,Thanjavur,56.7,1.36,,,
Madurai,Theni,139.5,2.87,,,
Madurai,Thoothukudi,246.8,4.82,,,
Madurai,Tiruchirappalli,248.6,4.85,,,
Madurai,Tirunelveli,45.1,1.15,,,
Madurai,Tirupattur,309.2,5.95,,,
Madurai,Tiruppur,170.5,3.43,,,
Madurai,Tiruvallur,146.6,3.0,,,
Madurai,Tiruvannamalai,113.7,2.4,,,
Madurai,Tiruvarur,73.3,1.66,,,
Madurai,Vellore,224.8,4.36,,,
Madurai,Viluppuram,249.7,4.84,,,
Madurai,Virudhunagar,78.0,1.72,,,
Madurai,Kanyakumari,172.9,3.35,,,
Mayiladuthurai,Ariyalur,338.0,6.48,,,
Mayiladuthurai,Chengalpattu,54.9,1.15,,,
Mayiladuthurai,Chennai,194.2,3.68,,,
Mayiladuthurai,Coimbatore,202.2,4.01,,,
Mayiladuthurai,Cuddalore,245.0,4.78,,,
Mayiladuthurai,Dharmapuri,389.9,7.39,,,
Mayiladuthurai,Dindigul,197.7,3.92,,,
Mayiladuthurai,Erode,351.9,6.55,,,
Mayiladuthurai,Kallakurichi,89.9,1.84,,,
Mayiladuthurai,Kancheepuram,282.7,5.35,,,
Mayiladuthurai,Karur,135.1,2.67,,,
Mayiladuthurai,Krishnagiri,315.7,5.95,,,
Mayiladuthurai,Madurai,200.6,3.95,,,
Mayiladuthurai,Nagapattinam,317.7,6.11,,,
Mayiladuthurai,Namakkal,75.8,1.71,,,
Mayiladuthurai,Nilgiris,67.3,1.37,,,
Mayiladuthurai,Perambalur,150.0,3.0,,,
Mayiladuthurai,Pudukkottai,53.9,1.16,,,
Mayiladuthurai,Ramanathapuram,265.2,4.97,,,
Mayiladuthurai,Ranipet,100.8,1.98,,,
Mayiladuthurai,Salem,275.1,5.21,,,
Mayiladuthurai,Sivagangai,178.4,3.45,,,
Mayiladuthurai,Tenkasi,129.3,2.5,,,
Mayiladuthurai,Thanjavur,150.2,3.06,,,
Mayiladuthurai,Theni,310.4,5.97,,,
Mayiladuthurai,Thoothukudi,133.9,2.76,,,
Mayiladuthurai,Tiruchirappalli,88.5,1.94,,,
Mayiladuthurai,Tirunelveli,245.4,4.79,,,
Mayiladuthurai,Tirupattur,262.8,5.11,,,
Mayiladuthurai,Tiruppur,203.7,4.03,,,
Mayiladuthurai,Tiruvallur,232.1,4.55,,,
Mayiladuthurai,Tiruvannamalai,312.6,6.01,,,
Mayiladuthurai,Tiruvarur,231.2,4.53,,,
Mayiladuthurai,Vellore,55.8,1.28,,,
Mayiladuthurai,Viluppuram,240.7,4.68,,,
Mayiladuthurai,Virudhunagar,270.0,5.21,,,
Mayiladuthurai,Kanyakumari,363.4,6.82,,,
Nagapattinam,Ariyalur,183.5,3.67,,,
Nagapattinam,Chengalpattu,356.2,6.69,,,
Nagapattinam,Chennai,254.9,4.84,,,
Nagapattinam,Coimbatore,243.1,4.6,,,
Nagapattinam,Cuddalore,250.1,4.7,,,
Nagapattinam,Dharmapuri,122.1,2.43,,,
Nagapattinam,Dindigul,186.1,3.59,,,
Nagapattinam,Erode,69.6,1.48,,,
Nagapattinam,Kallakurichi,335.5,6.43,,,
Nagapattinam,Kancheepuram,58.9,1.4,,,
Nagapattinam,Karur,202.9,4.02,,,
Nagapattinam,Krishnagiri,277.2,5.37,,,
Nagapattinam,Madurai,193.4,3.85,,,
Nagapattinam,Mayiladuthurai,317.7,6.11,,,
Nagapattinam,Namakkal,389.4,7.29,,,
Nagapattinam,Nilgiris,260.6,5.04,,,
Nagapattinam,Perambalur,173.1,3.36,,,
Nagapattinam,Pudukkottai,279.4,5.29,,,
Nagapattinam,Ramanathapuram,137.5,2.65,,,
Nagapattinam,Ranipet,220.3,4.16,,,
Nagapattinam,Salem,67.2,1.49,,,
Nagapattinam,Sivagangai,148.1,2.96,,,
Nagapattinam,Tenkasi,259.6,4.99,,,
Nagapattinam,Thanjavur,195.8,3.71,,,
Nagapattinam,Theni,85.6,1.71,,,
Nagapattinam,Thoothukudi,270.3,5.06,,,
Nagapattinam,Tiruchirappalli,310.6,5.95,,,
Nagapattinam,Tirunelveli,190.7,3.77,,,
Nagapattinam,Tirupattur,237.1,4.61,,,
Nagapattinam,Tiruppur,130.6,2.67,,,
Nagapattinam,Tiruvallur,87.0,1.88,,,
Nagapattinam,Tiruvannamalai,215.7,4.22,,,
Nagapattinam,Tiruvarur,120.1,2.48,,,
Nagapattinam,Vellore,364.5,6.81,,,
Nagapattinam,Viluppuram,173.8,3.34,,,
Nagapattinam,Virudhunagar,143.6,2.79,,,
Nagapattinam,Kanyakumari,143.7,2.94,,,
Namakkal,Ariyalur,412.6,7.83,,,
Namakkal,Chengalpattu,37.4,0.89,,,
Namakkal,Chennai,261.4,4.96,,,
Namakkal,Coimbatore,238.1,4.51,,,
Namakkal,Cuddalore,313.0,5.84,,,
Namakkal,Dharmapuri,465.5,8.67,,,
Namakkal,Dindigul,249.9,4.75,,,
Namakkal,Erode,426.6,7.97,,,
Namakkal,Kallakurichi,133.8,2.76,,,
Namakkal,Kancheepuram,350.4,6.7,,,
Namakkal,Karur,195.8,3.89,,,
Namakkal,Krishnagiri,382.7,7.29,,,
Namakkal,Madurai,274.6,5.32,,,
Namakkal,Mayiladuthurai,75.8,1.71,,,
Namakkal,Nagapattinam,389.4,7.29,,,
Namakkal,Nilgiris,130.0,2.66,,,
Namakkal,Perambalur,217.9,4.17,,,
Namakkal,Pudukkottai,127.8,2.53,,,
Namakkal,Ramanathapuram,322.3,6.01,,,
Namakkal,Ranipet,176.2,3.35,,,
Namakkal,Salem,349.8,6.63,,,
Namakkal,Sivagangai,253.6,4.88,,,
Namakkal,Tenkasi,198.0,3.87,,,
Namakkal,Thanjavur,225.8,4.26,,,
Namakkal,Theni,385.9,7.17,,,
Namakkal,Thoothukudi,166.6,3.18,,,
Namakkal,Tiruchirappalli,107.9,2.26,,,
Namakkal,Tirunelveli,318.9,6.1,,,
Namakkal,Tirupattur,299.5,5.75,,,
Namakkal,Tiruppur,269.2,5.19,,,
Namakkal,Tiruvallur,302.8,5.81,,,
Namakkal,Tiruvannamalai,385.0,7.3,,,
Namakkal,Tiruvarur,306.9,5.88,,,
Namakkal,Vellore,64.9,1.36,,,
Namakkal,Viluppuram,292.0,5.49,,,
Namakkal,Virudhunagar,345.4,6.46,,,
Namakkal,Kanyakumari,439.2,8.32,,,
Nilgiris,Ariyalur,310.9,5.89,,,
Nilgiris,Chengalpattu,95.6,2.01,,,
Nilgiris,Chennai,196.5,3.84,,,
Nilgiris,Coimbatore,141.6,2.72,,,
Nilgiris,Cuddalore,241.9,4.7,,,
Nilgiris,Dharmapuri,345.3,6.43,,,
Nilgiris,Dindigul,130.6,2.58,,,
Nilgiris,Erode,302.6,5.8,,,
Nilgiris,Kallakurichi,138.1,2.66,,,
Nilgiris,Kancheepuram,220.4,4.16,,,
Nilgiris,Karur,68.1,1.39,,,
Nilgiris,Krishnagiri,311.8,5.88,,,
Nilgiris,Madurai,181.6,3.6,,,
Nilgiris,Mayiladuthurai,67.3,1.52,,,
Nilgiris,Nagapattinam,260.6,5.07,,,
Nilgiris,Namakkal,130.0,2.69,,,
Nilgiris,Perambalur,88.1,1.84,,,
Nilgiris,Pudukkottai,70.3,1.55,,,
Nilgiris,Ramanathapuram,198.1,3.84,,,
Nilgiris,Ranipet,66.8,1.45,,,
Nilgiris,Salem,226.5,4.42,,,
Nilgiris,Sivagangai,134.8,2.72,,,
Nilgiris,Tenkasi,136.0,2.74,,,
Nilgiris,Thanjavur,125.1,2.42,,,
Nilgiris,Theni,266.3,4.99,,,
Nilgiris,Thoothukudi,81.6,1.63,,,
Nilgiris,Tiruchirappalli,67.0,1.46,,,
Nilgiris,Tirunelveli,225.9,4.35,,,
Nilgiris,Tirupattur,200.0,3.88,,,
Nilgiris,Tiruppur,139.5,2.78,,,
Nilgiris,Tiruvallur,173.7,3.4,,,
Nilgiris,Tiruvannamalai,294.8,5.6,,,
Nilgiris,Tiruvarur,191.0,3.71,,,
Nilgiris,Vellore,122.9,2.56,,,
Nilgiris,Viluppuram,173.6,3.31,,,
Nilgiris,Virudhunagar,238.2,4.48,,,
Nilgiris,Kanyakumari,326.1,6.08,,,
Perambalur,Ariyalur,251.6,4.75,,,
Perambalur,Chengalpattu,183.6,3.52,,,
Perambalur,Chennai,187.7,3.59,,,
Perambalur,Coimbatore,126.5,2.48,,,
Perambalur,Cuddalore,219.3,4.29,,,
Perambalur,Dharmapuri,265.8,5.16,,,
Perambalur,Dindigul,80.4,1.79,,,
Perambalur,Erode,219.6,4.2,,,
Perambalur,Kallakurichi,193.6,3.82,,,
Perambalur,Kancheepuram,132.9,2.72,,,
Perambalur,Karur,36.3,0.96,,,
Perambalur,Krishnagiri,281.9,5.28,,,
Perambalur,Madurai,146.7,2.88,,,
Perambalur,Mayiladuthurai,150.0,2.94,,,
Perambalur,Nagapattinam,173.1,3.36,,,
Perambalur,Namakkal,217.9,4.17,,,
Perambalur,Nilgiris,88.1,1.93,,,
Perambalur,Pudukkottai,124.8,2.45,,,
Perambalur,Ramanathapuram,125.1,2.48,,,
Perambalur,Ranipet,70.4,1.49,,,
Perambalur,Salem,146.0,2.83,,,
Perambalur,Sivagangai,72.3,1.49,,,
Perambalur,Tenkasi,148.2,3.02,,,
Perambalur,Thanjavur,98.1,1.96,,,
Perambalur,Theni,189.2,3.62,,,
Perambalur,Thoothukudi,112.2,2.22,,,
Perambalur,Tiruchirappalli,139.8,2.72,,,
Perambalur,Tirunelveli,183.2,3.51,,,
Perambalur,Tirupattur,166.1,3.2,,,
Perambalur,Tiruppur,54.6,1.17,,,
Perambalur,Tiruvallur,86.1,1.75,,,
Perambalur,Tiruvannamalai,248.1,4.69,,,
Perambalur,Tiruvarur,123.6,2.43,,,
Perambalur,Vellore,202.1,3.88,,,
Perambalur,Viluppuram,115.0,2.42,,,
Perambalur,Virudhunagar,177.7,3.56,,,
Perambalur,Kanyakumari,254.2,4.92,,,
Pudukkottai,Ariyalur,284.8,5.39,,,
Pudukkottai,Chengalpattu,108.6,2.12,,,
Pudukkottai,Chennai,141.9,2.73,,,
Pudukkottai,Coimbatore,210.4,4.07,,,
Pudukkottai,Cuddalore,192.0,3.73,,,
Pudukkottai,Dharmapuri,341.8,6.36,,,
Pudukkottai,Dindigul,190.2,3.76,,,
Pudukkottai,Erode,306.8,5.76,,,
Pudukkottai,Kallakurichi,71.2,1.53,,,
Pudukkottai,Kancheepuram,251.7,4.82,,,
Pudukkottai,Karur,123.3,2.48,,,
Pudukkottai,Krishnagiri,262.9,5.02,,,
Pudukkottai,Madurai,147.0,2.97,,,
Pudukkottai,Mayiladuthurai,53.9,1.28,,,
Pudukkottai,Nagapattinam,279.4,5.26,,,
Pudukkottai,Namakkal,127.8,2.5,,,
Pudukkottai,Nilgiris,70.3,1.46,,,
Pudukkottai,Perambalur,124.8,2.6,,,
Pudukkottai,Ramanathapuram,248.7,4.73,,,
Pudukkottai,Ranipet,59.6,1.29,,,
Pudukkottai,Salem,230.6,4.52,,,
Pudukkottai,Sivagangai,133.9,2.7,,,
Pudukkottai,Tenkasi,77.1,1.67,,,
Pudukkottai,Thanjavur,98.9,1.98,,,
Pudukkottai,Theni,262.8,4.96,,,
Pudukkottai,Thoothukudi,151.7,2.94,,,
Pudukkottai,Tiruchirappalli,123.7,2.49,,,
Pudukkottai,Tirunelveli,191.6,3.72,,,
Pudukkottai,Tirupattur,266.7,5.09,,,
Pudukkottai,Tiruppur,178.9,3.49,,,
Pudukkottai,Tiruvallur,197.3,3.83,,,
Pudukkottai,Tiruvannamalai,258.6,4.94,,,
Pudukkottai,Tiruvarur,183.0,3.57,,,
Pudukkottai,Vellore,85.9,1.74,,,
Pudukkottai,Viluppuram,231.7,4.51,,,
Pudukkottai,Virudhunagar,218.2,4.27,,,
Pudukkottai,Kanyakumari,312.6,5.92,,,
Ramanathapuram,Ariyalur,297.5,5.71,,,
Ramanathapuram,Chengalpattu,285.2,5.52,,,
Ramanathapuram,Chennai,296.2,5.72,,,
Ramanathapuram,Coimbatore,117.2,2.43,,,
Ramanathapuram,Cuddalore,314.8,5.9,,,
Ramanathapuram,Dharmapuri,259.1,4.95,,,
Ramanathapuram,Dindigul,74.2,1.68,,,
Ramanathapuram,Erode,206.3,3.99,,,
Ramanathapuram,Kallakurichi,318.5,6.03,,,
Ramanathapuram,Kancheepuram,79.2,1.68,,,
Ramanathapuram,Karur,130.1,2.61,,,
Ramanathapuram,Krishnagiri,364.5,6.9,,,
Ramanathapuram,Madurai,242.1,4.7,,,
Ramanathapuram,Mayiladuthurai,265.2,5.12,,,
Ramanathapuram,Nagapattinam,137.5,2.8,,,
Ramanathapuram,Namakkal,322.3,6.16,,,
Ramanathapuram,Nilgiris,198.1,3.75,,,
Ramanathapuram,Perambalur,125.1,2.6,,,
Ramanathapuram,Pudukkottai,248.7,4.67,,,
Ramanathapuram,Ranipet,195.4,3.79,,,
Ramanathapuram,Salem,164.4,3.14,,,
Ramanathapuram,Sivagangai,164.4,3.14,,,
Ramanathapuram,Tenkasi,268.9,5.19,,,
Ramanathapuram,Thanjavur,209.7,4.08,,,
Ramanathapuram,Theni,205.5,4.01,,,
Ramanathapuram,Thoothukudi,167.7,3.32,,,
Ramanathapuram,Tiruchirappalli,222.1,4.28,,,
Ramanathapuram,Tirunelveli,264.0,5.04,,,
Ramanathapuram,Tirupattur,99.7,2.05,,,
Ramanathapuram,Tiruppur,75.7,1.62,,,
Ramanathapuram,Tiruvallur,100.3,2.06,,,
Ramanathapuram,Tiruvannamalai,314.3,5.95,,,
Ramanathapuram,Tiruvarur,184.5,3.59,,,
Ramanathapuram,Vellore,320.2,6.15,,,
Ramanathapuram,Viluppuram,41.0,1.02,,,
Ramanathapuram,Virudhunagar,234.7,4.54,,,
Ramanathapuram,Kanyakumari,272.9,5.2,,,
Ranipet,Ariyalur,245.6,4.77,,,
Ranipet,Chengalpattu,148.6,3.03,,,
Ranipet,Chennai,135.3,2.79,,,
Ranipet,Coimbatore,179.2,3.56,,,
Ranipet,Cuddalore,177.4,3.41,,,
Ranipet,Dharmapuri,289.3,5.5,,,
Ranipet,Dindigul,145.7,2.98,,,
Ranipet,Erode,251.1,4.81,,,
Ranipet,Kallakurichi,124.4,2.5,,,
Ranipet,Kancheepuram,192.4,3.74,,,
Ranipet,Karur,81.7,1.73,,,
Ranipet,Krishnagiri,246.4,4.75,,,
Ranipet,Madurai,114.8,2.39,,,
Ranipet,Mayiladuthurai,100.8,2.13,,,
Ranipet,Nagapattinam,220.3,4.31,,,
Ranipet,Namakkal,176.2,3.5,,,
Ranipet,Nilgiris,66.8,1.36,,,
Ranipet,Perambalur,70.4,1.61,,,
Ranipet,Pudukkottai,59.6,1.23,,,
Ranipet,Ramanathapuram,195.4,3.79,,,
Ranipet,Salem,174.3,3.32,,,
Ranipet,Sivagangai,77.6,1.56,,,
Ranipet,Tenkasi,82.9,1.81,,,
Ranipet,Thanjavur,58.3,1.33,,,
Ranipet,Theni,209.8,4.08,,,
Ranipet,Thoothukudi,137.1,2.76,,,
Ranipet,Tiruchirappalli,133.8,2.67,,,
Ranipet,Tirunelveli,159.1,3.13,,,
Ranipet,Tirupattur,228.6,4.4,,,
Ranipet,Tiruppur,122.5,2.47,,,
Ranipet,Tiruvallur,137.7,2.74,,,
Ranipet,Tiruvannamalai,228.1,4.39,,,
Ranipet,Tiruvarur,131.1,2.62,,,
Ranipet,Vellore,144.2,2.95,,,
Ranipet,Viluppuram,184.0,3.62,,,
Ranipet,Virudhunagar,174.0,3.43,,,
Ranipet,Kanyakumari,265.0,5.06,,,
Salem,Ariyalur,133.3,2.66,,,
Salem,Chengalpattu,319.7,6.02,,,
Salem,Chennai,188.6,3.64,,,
Salem,Coimbatore,246.9,4.67,,,
Salem,Cuddalore,183.1,3.57,,,
Salem,Dharmapuri,119.8,2.45,,,
Salem,Dindigul,187.8,3.71,,,
Salem,Erode,76.8,1.67,,,
Salem,Kallakurichi,279.5,5.26,,,
Salem,Kancheepuram,93.0,1.87,,,
Salem,Karur,181.2,3.47,,,
Salem,Krishnagiri,214.3,4.11,,,
Salem,Madurai,127.3,2.64,,,
Salem,Mayiladuthurai,275.1,5.33,,,
Salem,Nagapattinam,67.2,1.52,,,
Salem,Namakkal,349.8,6.66,,,
Salem,Nilgiris,226.5,4.3,,,
Salem,Perambalur,146.0,2.98,,,
Salem,Pudukkottai,230.6,4.4,,,
Salem,Ramanathapuram,164.4,3.29,,,
Salem,Ranipet,174.3,3.47,,,
Salem,Sivagangai,97.0,2.0,,,
Salem,Tenkasi,199.2,3.95,,,
Salem,Thanjavur,138.2,2.81,,,
Salem,Theni,45.2,1.12,,,
Salem,Thoothukudi,255.8,4.95,,,
Salem,Tiruchirappalli,285.1,5.48,,,
Salem,Tirunelveli,123.8,2.55,,,
Salem,Tirupattur,257.4,4.98,,,
Salem,Tiruppur,123.1,2.54,,,
Salem,Tiruvallur,72.8,1.62,,,
Salem,Tiruvannamalai,156.0,3.14,,,
Salem,Tiruvarur,55.2,1.3,,,
Salem,Vellore,316.5,5.93,,,
Salem,Viluppuram,191.0,3.74,,,
Salem,Virudhunagar,79.1,1.71,,,
Salem,Kanyakumari,113.9,2.25,,,
Sivagangai,Ariyalur,181.2,3.44,,,
Sivagangai,Chengalpattu,224.8,4.24,,,
Sivagangai,Chennai,131.9,2.55,,,
Sivagangai,Coimbatore,197.4,3.8,,,
Sivagangai,Cuddalore,153.5,3.0,,,
Sivagangai,Dharmapuri,212.2,4.16,,,
Sivagangai,Dindigul,145.4,2.79,,,
Sivagangai,Erode,173.6,3.4,,,
Sivagangai,Kallakurichi,187.4,3.71,,,
Sivagangai,Kancheepuram,133.1,2.72,,,
Sivagangai,Karur,107.2,2.25,,,
Sivagangai,Krishnagiri,211.8,4.12,,,
Sivagangai,Madurai,79.6,1.66,,,
Sivagangai,Mayiladuthurai,178.4,3.45,,,
Sivagangai,Nagapattinam,148.1,2.96,,,
Sivagangai,Namakkal,253.6,4.88,,,
Sivagangai,Nilgiris,134.8,2.69,,,
Sivagangai,Perambalur,72.3,1.49,,,
Sivagangai,Pudukkottai,133.9,2.76,,,
Sivagangai,Ramanathapuram,164.4,3.29,,,
Sivagangai,Ranipet,77.6,1.71,,,
Sivagangai,Salem,97.0,1.97,,,
Sivagangai,Tenkasi,115.2,2.27,,,
Sivagangai,Thanjavur,50.5,1.25,,,
Sivagangai,Theni,132.7,2.74,,,
Sivagangai,Thoothukudi,181.9,3.64,,,
Sivagangai,Tiruchirappalli,198.4,3.85,,,
Sivagangai,Tirunelveli,111.7,2.27,,,
Sivagangai,Tirupattur,230.0,4.42,,,
Sivagangai,Tiruppur,91.1,1.9,,,
Sivagangai,Tiruvallur,76.6,1.63,,,
Sivagangai,Tiruvannamalai,175.8,3.44,,,
Sivagangai,Tiruvarur,56.3,1.26,,,
Sivagangai,Vellore,219.8,4.33,,,
Sivagangai,Viluppuram,170.1,3.36,,,
Sivagangai,Virudhunagar,107.1,2.22,,,
Sivagangai,Kanyakumari,191.3,3.78,,,
Tenkasi,Ariyalur,220.9,4.35,,,
Tenkasi,Chengalpattu,184.1,3.53,,,
Tenkasi,Chennai,65.0,1.36,,,
Tenkasi,Coimbatore,262.1,4.95,,,
Tenkasi,Cuddalore,115.8,2.38,,,
Tenkasi,Dharmapuri,295.6,5.7,,,
Tenkasi,Dindigul,227.1,4.31,,,
Tenkasi,Erode,269.7,5.23,,,
Tenkasi,Kallakurichi,85.6,1.86,,,
Tenkasi,Kancheepuram,248.1,4.81,,,
Tenkasi,Karur,164.5,3.29,,,
Tenkasi,Krishnagiri,186.4,3.66,,,
Tenkasi,Madurai,85.4,1.76,,,
Tenkasi,Mayiladuthurai,129.3,2.56,,,
Tenkasi,Nagapattinam,259.6,4.9,,,
Tenkasi,Namakkal,198.0,3.78,,,
Tenkasi,Nilgiris,136.0,2.77,,,
Tenkasi,Perambalur,148.2,2.87,,,
Tenkasi,Pudukkottai,77.1,1.73,,,
Tenkasi,Ramanathapuram,268.9,5.1,,,
Tenkasi,Ranipet,82.9,1.72,,,
Tenkasi,Salem,199.2,3.83,,,
Tenkasi,Sivagangai,115.2,2.27,,,
Tenkasi,Thanjavur,64.8,1.45,,,
Tenkasi,Theni,220.6,4.28,,,
Tenkasi,Thoothukudi,215.3,4.18,,,
Tenkasi,Tiruchirappalli,197.8,3.78,,,
Tenkasi,Tirunelveli,125.5,2.46,,,
Tenkasi,Tirupattur,311.1,5.84,,,
Tenkasi,Tiruppur,193.3,3.69,,,
Tenkasi,Tiruvallur,191.4,3.66,,,
Tenkasi,Tiruvannamalai,188.2,3.6,,,
Tenkasi,Tiruvarur,144.8,2.81,,,
Tenkasi,Vellore,142.6,2.77,,,
Tenkasi,Viluppuram,263.1,5.08,,,
Tenkasi,Virudhunagar,163.1,3.27,,,
Tenkasi,Kanyakumari,258.3,5.0,,,
Thanjavur,Ariyalur,189.0,3.71,,,
Thanjavur,Chengalpattu,202.2,3.98,,,
Thanjavur,Chennai,89.8,1.93,,,
Thanjavur,Coimbatore,222.6,4.26,,,
Thanjavur,Cuddalore,123.8,2.4,,,
Thanjavur,Dharmapuri,243.9,4.7,,,
Thanjavur,Dindigul,178.3,3.48,,,
Thanjavur,Erode,212.1,4.04,,,
Thanjavur,Kallakurichi,141.3,2.81,,,
Thanjavur,Kancheepuram,183.5,3.58,,,
Thanjavur,Karur,124.7,2.51,,,
Thanjavur,Krishnagiri,190.5,3.61,,,
Thanjavur,Madurai,56.7,1.24,,,
Thanjavur,Mayiladuthurai,150.2,2.94,,,
Thanjavur,Nagapattinam,195.8,3.86,,,
Thanjavur,Namakkal,225.8,4.41,,,
Thanjavur,Nilgiris,125.1,2.45,,,
Thanjavur,Perambalur,98.1,1.96,,,
Thanjavur,Pudukkottai,98.9,2.04,,,
Thanjavur,Ramanathapuram,209.7,4.14,,,
Thanjavur,Ranipet,58.3,1.39,,,
Thanjavur,Salem,138.2,2.81,,,
Thanjavur,Sivagangai,50.5,1.13,,,
Thanjavur,Tenkasi,64.8,1.45,,,
Thanjavur,Theni,165.6,3.22,,,
Thanjavur,Thoothukudi,191.0,3.68,,,
Thanjavur,Tiruchirappalli,192.1,3.76,,,
Thanjavur,Tirunelveli,100.8,2.1,,,
Thanjavur,Tirupattur,264.0,5.07,,,
Thanjavur,Tiruppur,134.3,2.71,,,
Thanjavur,Tiruvallur,127.0,2.58,,,
Thanjavur,Tiruvannamalai,169.8,3.36,,,
Thanjavur,Tiruvarur,86.3,1.84,,,
Thanjavur,Vellore,182.8,3.5,,,
Thanjavur,Viluppuram,209.5,3.96,,,
Thanjavur,Virudhunagar,119.7,2.33,,,
Thanjavur,Kanyakumari,213.8,4.13,,,
Theni,Ariyalur,98.0,2.05,,,
Theni,Chengalpattu,357.5,6.8,,,
Theni,Chennai,196.7,3.88,,,
Theni,Coimbatore,292.0,5.52,,,
Theni,Cuddalore,179.0,3.4,,,
Theni,Dharmapuri,79.6,1.72,,,
Theni,Dindigul,232.9,4.47,,,
Theni,Erode,51.2,1.11,,,
Theni,Kallakurichi,304.6,5.78,,,
Theni,Kancheepuram,129.6,2.6,,,
Theni,Karur,224.9,4.33,,,
Theni,Krishnagiri,195.1,3.7,,,
Theni,Madurai,139.5,2.75,,,
Theni,Mayiladuthurai,310.4,5.85,,,
Theni,Nagapattinam,85.6,1.86,,,
Theni,Namakkal,385.9,7.32,,,
Theni,Nilgiris,266.3,5.02,,,
Theni,Perambalur,189.2,3.62,,,
Theni,Pudukkottai,262.8,5.02,,,
Theni,Ramanathapuram,205.5,4.07,,,
Theni,Ranipet,209.8,4.14,,,
Theni,Salem,45.2,1.12,,,
Theni,Sivagangai,132.7,2.62,,,
Theni,Tenkasi,220.6,4.28,,,
Theni,Thanjavur,165.6,3.22,,,
Theni,Thoothukudi,300.0,5.66,,,
Theni,Tiruchirappalli,327.1,6.22,,,
Theni,Tirunelveli,120.6,2.46,,,
Theni,Tirupattur,300.8,5.74,,,
Theni,Tiruppur,168.3,3.33,,,
Theni,Tiruvallur,117.8,2.41,,,
Theni,Tiruvannamalai,131.7,2.66,,,
Theni,Tiruvarur,79.8,1.72,,,
Theni,Vellore,347.9,6.51,,,
Theni,Viluppuram,234.4,4.41,,,
Theni,Virudhunagar,69.1,1.41,,,
Theni,Kanyakumari,68.9,1.49,,,
Thoothukudi,Ariyalur,363.0,6.87,,,
Thoothukudi,Chengalpattu,129.7,2.66,,,
Thoothukudi,Chennai,272.2,5.25,,,
Thoothukudi,Coimbatore,71.6,1.51,,,
Thoothukudi,Cuddalore,313.8,5.86,,,
Thoothukudi,Dharmapuri,374.6,7.08,,,
Thoothukudi,Dindigul,93.9,1.95,,,
Thoothukudi,Erode,325.9,6.11,,,
Thoothukudi,Kallakurichi,217.0,4.19,,,
Thoothukudi,Kancheepuram,218.0,4.2,,,
Thoothukudi,Karur,75.9,1.62,,,
Thoothukudi,Krishnagiri,381.6,7.09,,,
Thoothukudi,Madurai,246.8,4.7,,,
Thoothukudi,Mayiladuthurai,133.9,2.64,,,
Thoothukudi,Nagapattinam,270.3,5.21,,,
Thoothukudi,Namakkal,166.6,3.33,,,
Thoothukudi,Nilgiris,81.6,1.66,,,
Thoothukudi,Perambalur,112.2,2.22,,,
Thoothukudi,Pudukkottai,151.7,3.0,,,
Thoothukudi,Ramanathapuram,167.7,3.38,,,
Thoothukudi,Ranipet,137.1,2.82,,,
Thoothukudi,Salem,255.8,4.95,,,
Thoothukudi,Sivagangai,181.9,3.52,,,
Thoothukudi,Tenkasi,215.3,4.18,,,
Thoothukudi,Thanjavur,191.0,3.68,,,
Thoothukudi,Theni,300.0,5.66,,,
Thoothukudi,Tiruchirappalli,59.0,1.34,,,
Thoothukudi,Tirunelveli,288.1,5.51,,,
Thoothukudi,Tirupattur,133.2,2.69,,,
Thoothukudi,Tiruppur,139.9,2.81,,,
Thoothukudi,Tiruvallur,188.1,3.69,,,
Thoothukudi,Tiruvannamalai,355.6,6.74,,,
Thoothukudi,Tiruvarur,235.5,4.55,,,
Thoothukudi,Vellore,186.9,3.58,,,
Thoothukudi,Viluppuram,131.5,2.54,,,
Thoothukudi,Virudhunagar,288.9,5.4,,,
Thoothukudi,Kanyakumari,366.1,6.9,,,
Tiruchirappalli,Ariyalur,377.0,7.12,,,
Tiruchirappalli,Chengalpattu,71.5,1.57,,,
Tiruchirappalli,Chennai,260.6,5.01,,,
Tiruchirappalli,Coimbatore,130.2,2.52,,,
Tiruchirappalli,Cuddalore,307.6,5.74,,,
Tiruchirappalli,Dharmapuri,404.9,7.69,,,
Tiruchirappalli,Dindigul,148.0,2.87,,,
Tiruchirappalli,Erode,359.4,6.77,,,
Tiruchirappalli,Kallakurichi,177.8,3.56,,,
Tiruchirappalli,Kancheepuram,263.1,5.11,,,
Tiruchirappalli,Karur,107.7,2.29,,,
Tiruchirappalli,Krishnagiri,377.9,7.02,,,
Tiruchirappalli,Madurai,248.6,4.76,,,
Tiruchirappalli,Mayiladuthurai,88.5,1.85,,,
Tiruchirappalli,Nagapattinam,310.6,5.8,,,
Tiruchirappalli,Namakkal,107.9,2.11,,,
Tiruchirappalli,Nilgiris,67.0,1.46,,,
Tiruchirappalli,Perambalur,139.8,2.84,,,
Tiruchirappalli,Pudukkottai,123.7,2.49,,,
Tiruchirappalli,Ramanathapuram,222.1,4.34,,,
Tiruchirappalli,Ranipet,133.8,2.73,,,
Tiruchirappalli,Salem,285.1,5.39,,,
Tiruchirappalli,Sivagangai,198.4,3.79,,,
Tiruchirappalli,Tenkasi,197.8,3.87,,,
Tiruchirappalli,Thanjavur,192.1,3.73,,,
Tiruchirappalli,Theni,327.1,6.19,,,
Tiruchirappalli,Thoothukudi,59.0,1.31,,,
Tiruchirappalli,Tirunelveli,292.9,5.57,,,
Tiruchirappalli,Tirupattur,191.6,3.72,,,
Tiruchirappalli,Tiruppur,181.5,3.54,,,
Tiruchirappalli,Tiruvallur,224.5,4.32,,,
Tiruchirappalli,Tiruvannamalai,361.8,6.82,,,
Tiruchirappalli,Tiruvarur,254.7,4.87,,,
Tiruchirappalli,Vellore,135.3,2.76,,,
Tiruchirappalli,Viluppuram,188.2,3.75,,,
Tiruchirappalli,Virudhunagar,303.8,5.85,,,
Tiruchirappalli,Kanyakumari,389.3,7.41,,,
Tirunelveli,Ariyalur,95.4,2.0,,,
Tirunelveli,Chengalpattu,299.3,5.71,,,
Tirunelveli,Chennai,80.9,1.74,,,
Tirunelveli,Coimbatore,309.0,5.77,,,
Tirunelveli,Cuddalore,59.6,1.23,,,
Tirunelveli,Dharmapuri,182.5,3.65,,,
Tirunelveli,Dindigul,256.5,4.84,,,
Tirunelveli,Erode,171.4,3.36,,,
Tirunelveli,Kallakurichi,210.0,4.15,,,
Tirunelveli,Kancheepuram,208.7,4.12,,,
Tirunelveli,Karur,216.3,4.26,,,
Tirunelveli,Krishnagiri,101.4,1.99,,,
Tirunelveli,Madurai,45.1,1.06,,,
Tirunelveli,Mayiladuthurai,245.4,4.7,,,
Tirunelveli,Nagapattinam,190.7,3.62,,,
Tirunelveli,Namakkal,318.9,5.95,,,
Tirunelveli,Nilgiris,225.9,4.35,,,
Tirunelveli,Perambalur,183.2,3.63,,,
Tirunelveli,Pudukkottai,191.6,3.72,,,
Tirunelveli,Ramanathapuram,264.0,5.1,,,
Tirunelveli,Ranipet,159.1,3.19,,,
Tirunelveli,Salem,123.8,2.46,,,
Tirunelveli,Sivagangai,111.7,2.21,,,
Tirunelveli,Tenkasi,125.5,2.55,,,
Tirunelveli,Thanjavur,100.8,2.07,,,
Tirunelveli,Theni,120.6,2.43,,,
Tirunelveli,Thoothukudi,288.1,5.48,,,
Tirunelveli,Tiruchirappalli,292.9,5.57,,,
Tirunelveli,Tirupattur,339.9,6.42,,,
Tirunelveli,Tiruppur,197.7,3.83,,,
Tirunelveli,Tiruvallur,164.2,3.23,,,
Tirunelveli,Tiruvannamalai,68.9,1.49,,,
Tirunelveli,Tiruvarur,80.5,1.7,,,
Tirunelveli,Vellore,267.4,5.16,,,
Tirunelveli,Viluppuram,277.3,5.37,,,
Tirunelveli,Virudhunagar,51.6,1.27,,,
Tirunelveli,Kanyakumari,137.9,2.84,,,
Tirupattur,Ariyalur,387.9,7.32,,,
Tirupattur,Chengalpattu,262.9,5.05,,,
Tirupattur,Chennai,353.8,6.7,,,
Tirupattur,Coimbatore,61.6,1.27,,,
Tirupattur,Cuddalore,382.9,7.11,,,
Tirupattur,Dharmapuri,358.4,6.85,,,
Tirupattur,Dindigul,85.8,1.74,,,
Tirupattur,Erode,305.6,5.8,,,
Tirupattur,Kallakurichi,337.1,6.46,,,
Tirupattur,Kancheepuram,178.5,3.58,,,
Tirupattur,Karur,147.2,3.01,,,
Tirupattur,Krishnagiri,441.1,8.17,,,
Tirupattur,Madurai,309.2,5.86,,,
Tirupattur,Mayiladuthurai,262.8,5.02,,,
Tirupattur,Nagapattinam,237.1,4.46,,,
Tirupattur,Namakkal,299.5,5.6,,,
Tirupattur,Nilgiris,200.0,3.88,,,
Tirupattur,Perambalur,166.1,3.32,,,
Tirupattur,Pudukkottai,266.7,5.09,,,
Tirupattur,Ramanathapuram,99.7,2.11,,,
Tirupattur,Ranipet,228.6,4.46,,,
Tirupattur,Salem,257.4,4.89,,,
Tirupattur,Sivagangai,230.0,4.36,,,
Tirupattur,Tenkasi,311.1,5.93,,,
Tirupattur,Thanjavur,264.0,5.04,,,
Tirupattur,Theni,300.8,5.71,,,
Tirupattur,Thoothukudi,133.2,2.66,,,
Tirupattur,Tiruchirappalli,191.6,3.72,,,
Tirupattur,Tirunelveli,339.9,6.42,,,
Tirupattur,Tiruppur,142.9,2.84,,,
Tirupattur,Tiruvallur,186.6,3.63,,,
Tirupattur,Tiruvannamalai,397.9,7.47,,,
Tirupattur,Tiruvarur,265.8,5.07,,,
Tirupattur,Vellore,317.6,6.07,,,
Tirupattur,Viluppuram,66.4,1.54,,,
Tirupattur,Virudhunagar,319.8,6.14,,,
Tirupattur,Kanyakumari,369.3,7.04,,,
Tiruppur,Ariyalur,247.6,4.77,,,
Tiruppur,Chengalpattu,233.7,4.52,,,
Tiruppur,Chennai,221.9,4.3,,,
Tiruppur,Coimbatore,123.9,2.4,,,
Tiruppur,Cuddalore,244.2,4.59,,,
Tiruppur,Dharmapuri,237.9,4.66,,,
Tiruppur,Dindigul,65.1,1.36,,,
Tiruppur,Erode,187.5,3.65,,,
Tiruppur,Kallakurichi,246.8,4.82,,,
Tiruppur,Kancheepuram,82.0,1.82,,,
Tiruppur,Karur,74.8,1.69,,,
Tiruppur,Krishnagiri,299.1,5.59,,,
Tiruppur,Madurai,170.5,3.34,,,
Tiruppur,Mayiladuthurai,203.7,3.94,,,
Tiruppur,Nagapattinam,130.6,2.52,,,
Tiruppur,Namakkal,269.2,5.04,,,
Tiruppur,Nilgiris,139.5,2.78,,,
Tiruppur,Perambalur,54.6,1.29,,,
Tiruppur,Pudukkottai,178.9,3.49,,,
Tiruppur,Ramanathapuram,75.7,1.68,,,
Tiruppur,Ranipet,122.5,2.53,,,
Tiruppur,Salem,123.1,2.45,,,
Tiruppur,Sivagangai,91.1,1.84,,,
Tiruppur,Tenkasi,193.3,3.78,,,
Tiruppur,Thanjavur,134.3,2.68,,,
Tiruppur,Theni,168.3,3.3,,,
Tiruppur,Thoothukudi,139.9,2.78,,,
Tiruppur,Tiruchirappalli,181.5,3.54,,,
Tiruppur,Tirunelveli,197.7,3.83,,,
Tiruppur,Tirupattur,142.9,2.84,,,
Tiruppur,Tiruvallur,50.7,1.16,,,
Tiruppur,Tiruvannamalai,255.1,4.88,,,
Tiruppur,Tiruvarur,123.0,2.48,,,
Tiruppur,Vellore,256.5,4.96,,,
Tiruppur,Viluppuram,79.7,1.78,,,
Tiruppur,Virudhunagar,177.5,3.56,,,
Tiruppur,Kanyakumari,236.9,4.64,,,
Tiruvallur,Ariyalur,201.3,3.93,,,
Tiruvallur,Chengalpattu,269.3,5.17,,,
Tiruvallur,Chennai,204.9,4.0,,,
Tiruvallur,Coimbatore,174.1,3.32,,,
Tiruvallur,Cuddalore,217.2,4.1,,,
Tiruvallur,Dharmapuri,187.4,3.74,,,
Tiruvallur,Dindigul,115.0,2.27,,,
Tiruvallur,Erode,137.8,2.75,,,
Tiruvallur,Kallakurichi,258.7,5.03,,,
Tiruvallur,Kancheepuram,56.8,1.36,,,
Tiruvallur,Karur,117.1,2.46,,,
Tiruvallur,Krishnagiri,264.3,4.96,,,
Tiruvallur,Madurai,146.6,2.91,,,
Tiruvallur,Mayiladuthurai,232.1,4.46,,,
Tiruvallur,Nagapattinam,87.0,1.73,,,
Tiruvallur,Namakkal,302.8,5.66,,,
Tiruvallur,Nilgiris,173.7,3.4,,,
Tiruvallur,Perambalur,86.1,1.87,,,
Tiruvallur,Pudukkottai,197.3,3.83,,,
Tiruvallur,Ramanathapuram,100.3,2.12,,,
Tiruvallur,Ranipet,137.7,2.8,,,
Tiruvallur,Salem,72.8,1.53,,,
Tiruvallur,Sivagangai,76.6,1.57,,,
Tiruvallur,Tenkasi,191.4,3.75,,,
Tiruvallur,Thanjavur,127.0,2.55,,,
Tiruvallur,Theni,117.8,2.38,,,
Tiruvallur,Thoothukudi,188.1,3.66,,,
Tiruvallur,Tiruchirappalli,224.5,4.32,,,
Tiruvallur,Tirunelveli,164.2,3.23,,,
Tiruvallur,Tirupattur,186.6,3.63,,,
Tiruvallur,Tiruppur,50.7,1.16,,,
Tiruvallur,Tiruvannamalai,214.4,4.14,,,
Tiruvallur,Tiruvarur,84.3,1.77,,,
Tiruvallur,Vellore,280.8,5.41,,,
Tiruvallur,Viluppuram,120.5,2.52,,,
Tiruvallur,Virudhunagar,135.0,2.78,,,
Tiruvallur,Kanyakumari,186.7,3.72,,,
Tiruvannamalai,Ariyalur,50.6,1.19,,,
Tiruvannamalai,Chengalpattu,366.9,6.94,,,
Tiruvannamalai,Chennai,131.4,2.66,,,
Tiruvannamalai,Coimbatore,372.1,6.92,,,
Tiruvannamalai,Cuddalore,85.2,1.7,,,
Tiruvannamalai,Dharmapuri,164.2,3.32,,,
Tiruvannamalai,Dindigul,317.2,5.95,,,
Tiruvannamalai,Erode,174.0,3.4,,,
Tiruvannamalai,Kallakurichi,269.1,5.22,,,
Tiruvannamalai,Kancheepuram,248.7,4.85,,,
Tiruvannamalai,Karur,282.5,5.47,,,
Tiruvannamalai,Krishnagiri,65.1,1.33,,,
Tiruvannamalai,Madurai,113.7,2.31,,,
Tiruvannamalai,Mayiladuthurai,312.6,5.92,,,
Tiruvannamalai,Nagapattinam,215.7,4.07,,,
Tiruvannamalai,Namakkal,385.0,7.15,,,
Tiruvannamalai,Nilgiris,294.8,5.6,,,
Tiruvannamalai,Perambalur,248.1,4.81,,,
Tiruvannamalai,Pudukkottai,258.6,4.94,,,
Tiruvannamalai,Ramanathapuram,314.3,6.01,,,
Tiruvannamalai,Ranipet,228.1,4.45,,,
Tiruvannamalai,Salem,156.0,3.05,,,
Tiruvannamalai,Sivagangai,175.8,3.38,,,
Tiruvannamalai,Tenkasi,188.2,3.69,,,
Tiruvannamalai,Thanjavur,169.8,3.33,,,
Tiruvannamalai,Theni,131.7,2.63,,,
Tiruvannamalai,Thoothukudi,355.6,6.71,,,
Tiruvannamalai,Tiruchirappalli,361.8,6.82,,,
Tiruvannamalai,Tirunelveli,68.9,1.49,,,
Tiruvannamalai,Tirupattur,397.9,7.47,,,
Tiruvannamalai,Tiruppur,255.1,4.88,,,
Tiruvannamalai,Tiruvallur,214.4,4.14,,,
Tiruvannamalai,Tiruvarur,132.1,2.64,,,
Tiruvannamalai,Vellore,330.8,6.31,,,
Tiruvannamalai,Viluppuram,333.2,6.39,,,
Tiruvannamalai,Virudhunagar,79.6,1.78,,,
Tiruvannamalai,Kanyakumari,111.3,2.35,,,
Tiruvarur,Ariyalur,128.3,2.6,,,
Tiruvarur,Chengalpattu,279.6,5.35,,,
Tiruvarur,Chennai,134.9,2.72,,,
Tiruvarur,Coimbatore,242.4,4.56,,,
Tiruvarur,Cuddalore,136.3,2.63,,,
Tiruvarur,Dharmapuri,158.9,3.22,,,
Tiruvarur,Dindigul,186.0,3.56,,,
Tiruvarur,Erode,126.0,2.53,,,
Tiruvarur,Kallakurichi,226.7,4.45,,,
Tiruvarur,Kancheepuram,129.0,2.68,,,
Tiruvarur,Karur,159.7,3.23,,,
Tiruvarur,Krishnagiri,180.0,3.42,,,
Tiruvarur,Madurai,73.3,1.57,,,
Tiruvarur,Mayiladuthurai,231.2,4.44,,,
Tiruvarur,Nagapattinam,120.1,2.33,,,
Tiruvarur,Namakkal,306.9,5.73,,,
Tiruvarur,Nilgiris,191.0,3.71,,,
Tiruvarur,Perambalur,123.6,2.55,,,
Tiruvarur,Pudukkottai,183.0,3.57,,,
Tiruvarur,Ramanathapuram,184.5,3.65,,,
Tiruvarur,Ranipet,131.1,2.68,,,
Tiruvarur,Salem,55.2,1.21,,,
Tiruvarur,Sivagangai,56.3,1.2,,,
Tiruvarur,Tenkasi,144.8,2.9,,,
Tiruvarur,Thanjavur,86.3,1.81,,,
Tiruvarur,Theni,79.8,1.69,,,
Tiruvarur,Thoothukudi,235.5,4.52,,,
Tiruvarur,Tiruchirappalli,254.7,4.87,,,
Tiruvarur,Tirunelveli,80.5,1.7,,,
Tiruvarur,Tirupattur,265.8,5.07,,,
Tiruvarur,Tiruppur,123.0,2.48,,,
Tiruvarur,Tiruvallur,84.3,1.77,,,
Tiruvarur,Tiruvannamalai,132.1,2.64,,,
Tiruvarur,Vellore,268.2,5.18,,,
Tiruvarur,Viluppuram,201.2,3.99,,,
Tiruvarur,Virudhunagar,55.3,1.34,,,
Tiruvarur,Kanyakumari,135.1,2.79,,,
Vellore,Ariyalur,362.6,6.8,,,
Vellore,Chengalpattu,74.4,1.56,,,
Vellore,Chennai,202.9,3.9,,,
Vellore,Coimbatore,256.6,4.91,,,
Vellore,Cuddalore,254.6,4.78,,,
Vellore,Dharmapuri,426.6,7.91,,,
Vellore,Dindigul,253.4,4.82,,,
Vellore,Erode,392.6,7.35,,,
Vellore,Kallakurichi,69.6,1.51,,,
Vellore,Kancheepuram,333.5,6.3,,,
Vellore,Karur,190.1,3.7,,,
Vellore,Krishnagiri,322.9,6.08,,,
Vellore,Madurai,224.8,4.24,,,
Vellore,Mayiladuthurai,55.8,1.16,,,
Vellore,Nagapattinam,364.5,6.93,,,
Vellore,Namakkal,64.9,1.48,,,
Vellore,Nilgiris,122.9,2.5,,,
Vellore,Perambalur,202.1,4.0,,,
Vellore,Pudukkottai,85.9,1.86,,,
Vellore,Ramanathapuram,320.2,6.06,,,
Vellore,Ranipet,144.2,2.86,,,
Vellore,Salem,316.5,5.99,,,
Vellore,Sivagangai,219.8,4.33,,,
Vellore,Tenkasi,142.6,2.92,,,
Vellore,Thanjavur,182.8,3.53,,,
Vellore,Theni,347.9,6.54,,,
Vellore,Thoothukudi,186.9,3.61,,,
Vellore,Tiruchirappalli,135.3,2.64,,,
Vellore,Tirunelveli,267.4,5.04,,,
Vellore,Tirupattur,317.6,5.95,,,
Vellore,Tiruppur,256.5,4.84,,,
Vellore,Tiruvallur,280.8,5.29,,,
Vellore,Tiruvannamalai,330.8,6.19,,,
Vellore,Tiruvarur,268.2,5.06,,,
Vellore,Viluppuram,296.4,5.63,,,
Vellore,Virudhunagar,299.9,5.69,,,
Vellore,Kanyakumari,395.2,7.43,,,
Viluppuram,Ariyalur,321.7,6.18,,,
Viluppuram,Chengalpattu,254.6,4.81,,,
Viluppuram,Chennai,298.7,5.61,,,
Viluppuram,Coimbatore,76.4,1.63,,,
Viluppuram,Cuddalore,323.5,6.06,,,
Viluppuram,Dharmapuri,293.8,5.61,,,
Viluppuram,Dindigul,43.0,1.08,,,
Viluppuram,Erode,241.2,4.72,,,
Viluppuram,Kallakurichi,302.7,5.65,,,
Viluppuram,Kancheepuram,115.0,2.24,,,
Viluppuram,Karur,108.6,2.12,,,
Viluppuram,Krishnagiri,378.7,7.19,,,
Viluppuram,Madurai,249.7,4.69,,,
Viluppuram,Mayiladuthurai,240.7,4.53,,,
Viluppuram,Nagapattinam,173.8,3.31,,,
Viluppuram,Namakkal,292.0,5.46,,,
Viluppuram,Nilgiris,173.6,3.31,,,
Viluppuram,Perambalur,115.0,2.33,,,
Viluppuram,Pudukkottai,231.7,4.48,,,
Viluppuram,Ramanathapuram,41.0,0.9,,,
Viluppuram,Ranipet,184.0,3.5,,,
Viluppuram,Salem,191.0,3.65,,,
Viluppuram,Sivagangai,170.1,3.36,,,
Viluppuram,Tenkasi,263.1,4.99,,,
Viluppuram,Thanjavur,209.5,4.05,,,
Viluppuram,Theni,234.4,4.5,,,
Viluppuram,Thoothukudi,131.5,2.63,,,
Viluppuram,Tiruchirappalli,188.2,3.66,,,
Viluppuram,Tirunelveli,277.3,5.28,,,
Viluppuram,Tirupattur,66.4,1.45,,,
Viluppuram,Tiruppur,79.7,1.69,,,
Viluppuram,Tiruvallur,120.5,2.43,,,
Viluppuram,Tiruvannamalai,333.2,6.3,,,
Viluppuram,Tiruvarur,201.2,3.9,,,
Viluppuram,Vellore,296.4,5.66,,,
Viluppuram,Virudhunagar,254.5,4.96,,,
Viluppuram,Kanyakumari,303.0,5.66,,,
Virudhunagar,Ariyalur,74.1,1.68,,,
Virudhunagar,Chengalpattu,321.5,6.03,,,
Virudhunagar,Chennai,129.8,2.54,,,
Virudhunagar,Coimbatore,297.6,5.65,,,
Virudhunagar,Cuddalore,110.1,2.18,,,
Virudhunagar,Dharmapuri,134.2,2.71,,,
Virudhunagar,Dindigul,241.1,4.68,,,
Virudhunagar,Erode,119.8,2.51,,,
Virudhunagar,Kallakurichi,248.7,4.67,,,
Virudhunagar,Kancheepuram,170.2,3.24,,,
Virudhunagar,Karur,213.5,4.03,,,
Virudhunagar,Krishnagiri,135.2,2.76,,,
Virudhunagar,Madurai,78.0,1.57,,,
Virudhunagar,Mayiladuthurai,270.0,5.06,,,
Virudhunagar,Nagapattinam,143.6,2.76,,,
Virudhunagar,Namakkal,345.4,6.43,,,
Virudhunagar,Nilgiris,238.2,4.48,,,
Virudhunagar,Perambalur,177.7,3.47,,,
Virudhunagar,Pudukkottai,218.2,4.24,,,
Virudhunagar,Ramanathapuram,234.7,4.42,,,
Virudhunagar,Ranipet,174.0,3.31,,,
Virudhunagar,Salem,79.1,1.62,,,
Virudhunagar,Sivagangai,107.1,2.22,,,
Virudhunagar,Tenkasi,163.1,3.18,,,
Virudhunagar,Thanjavur,119.7,2.42,,,
Virudhunagar,Theni,69.1,1.5,,,
Virudhunagar,Thoothukudi,288.9,5.49,,,
Virudhunagar,Tiruchirappalli,303.8,5.76,,,
Virudhunagar,Tirunelveli,51.6,1.18,,,
Virudhunagar,Tirupattur,319.8,6.05,,,
Virudhunagar,Tiruppur,177.5,3.47,,,
Virudhunagar,Tiruvallur,135.0,2.69,,,
Virudhunagar,Tiruvannamalai,79.6,1.69,,,
Virudhunagar,Tiruvarur,55.3,1.25,,,
Virudhunagar,Vellore,299.9,5.72,,,
Virudhunagar,Viluppuram,254.5,4.96,,,
Virudhunagar,Kanyakumari,95.5,1.89,,,
Kanyakumari,Ariyalur,61.6,1.33,,,
Kanyakumari,Chengalpattu,413.6,7.85,,,
Kanyakumari,Chennai,218.7,4.31,,,
Kanyakumari,Coimbatore,360.8,6.83,,,
Kanyakumari,Cuddalore,185.4,3.55,,,
Kanyakumari,Dharmapuri,53.3,1.18,,,
Kanyakumari,Dindigul,301.7,5.7,,,
Kanyakumari,Erode,80.0,1.78,,,
Kanyakumari,Kallakurichi,344.0,6.52,,,
Kanyakumari,Kancheepuram,195.2,3.82,,,
Kanyakumari,Karur,290.4,5.55,,,
Kanyakumari,Krishnagiri,175.0,3.51,,,
Kanyakumari,Madurai,172.9,3.44,,,
Kanyakumari,Mayiladuthurai,363.4,6.91,,,
Kanyakumari,Nagapattinam,143.7,2.82,,,
Kanyakumari,Namakkal,439.2,8.2,,,
Kanyakumari,Nilgiris,326.1,6.17,,,
Kanyakumari,Perambalur,254.2,4.86,,,
Kanyakumari,Pudukkottai,312.6,5.86,,,
Kanyakumari,Ramanathapuram,272.9,5.17,,,
Kanyakumari,Ranipet,265.0,5.03,,,
Kanyakumari,Salem,113.9,2.37,,,
Kanyakumari,Sivagangai,191.3,3.81,,,
Kanyakumari,Tenkasi,258.3,4.85,,,
Kanyakumari,Thanjavur,213.8,4.13,,,
Kanyakumari,Theni,68.9,1.49,,,
Kanyakumari,Thoothukudi,366.1,6.9,,,
Kanyakumari,Tiruchirappalli,389.3,7.35,,,
Kanyakumari,Tirunelveli,137.9,2.78,,,
Kanyakumari,Tirupattur,369.3,6.98,,,
Kanyakumari,Tiruppur,236.9,4.58,,,
Kanyakumari,Tiruvallur,186.7,3.66,,,
Kanyakumari,Tiruvannamalai,111.3,2.29,,,
Kanyakumari,Tiruvarur,135.1,2.73,,,
Kanyakumari,Vellore,395.2,7.52,,,
Kanyakumari,Viluppuram,303.0,5.75,,,
Kanyakumari,Virudhunagar,95.5,1.98,,,
,,,,Ariyalur,11.13,79.05
,,,,Chengalpattu,12.69,79.99
,,,,Chennai,13.08,80.27
,,,,Coimbatore,11.01,76.96
,,,,Cuddalore,11.75,79.77
,,,,Dharmapuri,12.16,78.16
,,,,Dindigul,10.36,77.98
,,,,Erode,11.34,77.72
,,,,Kallakurichi,11.74,79.31
,,,,Kancheepuram,12.82,79.7
,,,,Karur,10.95,78.07
,,,,Krishnagiri,12.52,78.22
,,,,Madurai,9.92,78.11
,,,,Mayiladuthurai,11.1,79.67
,,,,Nagapattinam,10.76,79.83
,,,,Namakkal,11.23,78.16
,,,,Nilgiris,11.4,76.69
,,,,Perambalur,11.23,78.87
,,,,Pudukkottai,10.38,78.82
,,,,Ramanathapuram,9.38,78.85
,,,,Ranipet,12.93,79.16
,,,,Salem,11.66,78.14
,,,,Sivagangai,9.85,78.48
,,,,Tenkasi,8.96,77.3
,,,,Thanjavur,10.78,79.13
,,,,Theni,10.0,77.47
,,,,Thoothukudi,8.76,78.13
,,,,Tiruchirappalli,10.85,78.69
,,,,Tirunelveli,8.71,77.7
,,,,Tirupattur,12.25,78.89
,,,,Tiruppur,11.1,77.34
,,,,Tiruvallur,13.1,80.22
,,,,Tiruvannamalai,12.23,79.07
,,,,Tiruvarur,10.77,79.64
,,,,Vellore,12.91,79.13
,,,,Viluppuram,12.01,79.49
,,,,Virudhunagar,9.53,77.94
,,,,Kanyakumari,8.08,77.54
